group_id,member_track_ids,size,child_present,coverage,majority_class,weighted_cascade,kmodes,window_start_s,window_end_s
0,[62],1,False,0.0,Neutral-Fallback,Neutral-Fallback,Neutral-Fallback,0.0,30.0
1,[32],1,False,1.0,Casual-Adult,Casual-Adult,Casual-Adult,0.0,30.0
2,[49],1,False,1.0,Casual-Adult,Casual-Adult,Casual-Adult,0.0,30.0
3,[56],1,False,1.0,Neutral-Fallback,Teen/Sportswear,Neutral-Fallback,0.0,30.0
4,[66],1,False,1.0,Casual-Adult,Casual-Adult,Casual-Adult,0.0,30.0
5,[57],1,False,0.0,Neutral-Fallback,Neutral-Fallback,Neutral-Fallback,0.0,30.0
6,[28],1,False,0.0,Neutral-Fallback,Neutral-Fallback,Neutral-Fallback,0.0,30.0
7,[25],1,False,0.0,Neutral-Fallback,Neutral-Fallback,Neutral-Fallback,0.0,30.0
8,[36],1,False,1.0,Casual-Adult,Casual-Adult,Casual-Adult,0.0,30.0
9,[30],1,False,0.0,Neutral-Fallback,Neutral-Fallback,Neutral-Fallback,0.0,30.0
10,[14],1,False,1.0,Casual-Adult,Casual-Adult,Casual-Adult,0.0,30.0
11,[24],1,False,0.0,Neutral-Fallback,Neutral-Fallback,Neutral-Fallback,0.0,30.0
12,"[2, 33, 37]",3,False,1.0,Neutral-Fallback,Neutral-Fallback,Casual-Adult,0.0,30.0
13,[31],1,False,0.0,Neutral-Fallback,Neutral-Fallback,Neutral-Fallback,0.0,30.0
14,[41],1,False,1.0,Casual-Adult,Casual-Adult,Casual-Adult,0.0,30.0
15,[58],1,False,0.0,Neutral-Fallback,Neutral-Fallback,Neutral-Fallback,0.0,30.0
16,[61],1,False,0.0,Neutral-Fallback,Neutral-Fallback,Neutral-Fallback,0.0,30.0
17,[26],1,False,1.0,Neutral-Fallback,Teen/Sportswear,Neutral-Fallback,0.0,30.0
18,[63],1,False,0.0,Neutral-Fallback,Neutral-Fallback,Neutral-Fallback,0.0,30.0
19,[60],1,False,1.0,Casual-Adult,Casual-Adult,Casual-Adult,0.0,30.0
20,[55],1,False,1.0,Casual-Adult,Casual-Adult,Casual-Adult,0.0,30.0
21,"[1, 16]",2,False,1.0,Neutral-Fallback,Neutral-Fallback,Neutral-Fallback,0.0,30.0
22,[5],1,False,1.0,Casual-Adult,Casual-Adult,Casual-Adult,0.0,30.0
23,[59],1,False,0.0,Neutral-Fallback,Neutral-Fallback,Neutral-Fallback,0.0,30.0
24,[4],1,False,1.0,Neutral-Fallback,Neutral-Fallback,Casual-Adult,0.0,30.0
25,"[45, 51, 53]",3,False,1.0,Casual-Adult,Neutral-Fallback,Casual-Adult,0.0,30.0
26,[64],1,False,1.0,Neutral-Fallback,Formal-Adult,Neutral-Fallback,0.0,30.0
27,[3],1,False,1.0,Neutral-Fallback,Teen/Sportswear,Neutral-Fallback,0.0,30.0
28,[65],1,False,1.0,Casual-Adult,Casual-Adult,Casual-Adult,0.0,30.0
0,[62],1,False,0.0,Neutral-Fallback,Neutral-Fallback,Neutral-Fallback,15.0,45.0
1,[49],1,False,1.0,Casual-Adult,Casual-Adult,Casual-Adult,15.0,45.0
2,[76],1,False,0.0,Neutral-Fallback,Neutral-Fallback,Neutral-Fallback,15.0,45.0
3,[56],1,False,1.0,Neutral-Fallback,Teen/Sportswear,Neutral-Fallback,15.0,45.0
4,[66],1,False,1.0,Casual-Adult,Casual-Adult,Casual-Adult,15.0,45.0
5,[89],1,False,0.0,Neutral-Fallback,Neutral-Fallback,Neutral-Fallback,15.0,45.0
6,[57],1,False,0.0,Neutral-Fallback,Neutral-Fallback,Neutral-Fallback,15.0,45.0
7,[36],1,False,1.0,Casual-Adult,Casual-Adult,Casual-Adult,15.0,45.0
8,[79],1,False,0.0,Neutral-Fallback,Neutral-Fallback,Casual-Adult,15.0,45.0
9,[81],1,False,1.0,Neutral-Fallback,Formal-Adult,Casual-Adult,15.0,45.0
10,[73],1,False,0.0,Neutral-Fallback,Neutral-Fallback,Neutral-Fallback,15.0,45.0
11,"[55, 64]",2,False,1.0,Neutral-Fallback,Neutral-Fallback,Casual-Adult,15.0,45.0
12,[58],1,False,0.0,Neutral-Fallback,Neutral-Fallback,Neutral-Fallback,15.0,45.0
13,[41],1,False,1.0,Casual-Adult,Casual-Adult,Casual-Adult,15.0,45.0
14,[61],1,False,0.0,Neutral-Fallback,Neutral-Fallback,Neutral-Fallback,15.0,45.0
15,[83],1,False,0.0,Neutral-Fallback,Neutral-Fallback,Neutral-Fallback,15.0,45.0
16,[26],1,False,1.0,Neutral-Fallback,Teen/Sportswear,Neutral-Fallback,15.0,45.0
17,[63],1,False,0.0,Neutral-Fallback,Neutral-Fallback,Neutral-Fallback,15.0,45.0
18,[60],1,False,1.0,Casual-Adult,Casual-Adult,Casual-Adult,15.0,45.0
19,"[33, 37]",2,False,1.0,Neutral-Fallback,Neutral-Fallback,Neutral-Fallback,15.0,45.0
20,[59],1,False,0.0,Neutral-Fallback,Neutral-Fallback,Neutral-Fallback,15.0,45.0
21,[5],1,False,1.0,Casual-Adult,Casual-Adult,Casual-Adult,15.0,45.0
22,[80],1,False,0.0,Neutral-Fallback,Neutral-Fallback,Neutral-Fallback,15.0,45.0
23,[87],1,False,1.0,Neutral-Fallback,Casual-Adult,Casual-Adult,15.0,45.0
24,[4],1,False,1.0,Neutral-Fallback,Neutral-Fallback,Casual-Adult,15.0,45.0
25,"[45, 51, 53]",3,False,1.0,Casual-Adult,Neutral-Fallback,Casual-Adult,15.0,45.0
26,[65],1,False,1.0,Casual-Adult,Casual-Adult,Casual-Adult,15.0,45.0
27,[88],1,False,0.0,Neutral-Fallback,Neutral-Fallback,Neutral-Fallback,15.0,45.0
0,[62],1,False,0.0,Neutral-Fallback,Neutral-Fallback,Neutral-Fallback,30.0,60.0
1,[76],1,False,0.0,Neutral-Fallback,Neutral-Fallback,Neutral-Fallback,30.0,60.0
2,[106],1,False,1.0,Casual-Adult,Casual-Adult,Casual-Adult,30.0,60.0
3,[56],1,False,1.0,Neutral-Fallback,Teen/Sportswear,Neutral-Fallback,30.0,60.0
4,[66],1,False,1.0,Casual-Adult,Casual-Adult,Casual-Adult,30.0,60.0
5,[89],1,False,0.0,Neutral-Fallback,Neutral-Fallback,Neutral-Fallback,30.0,60.0
6,[57],1,False,0.0,Neutral-Fallback,Neutral-Fallback,Neutral-Fallback,30.0,60.0
7,[120],1,False,1.0,Casual-Adult,Casual-Adult,Casual-Adult,30.0,60.0
8,[108],1,False,0.0,Neutral-Fallback,Neutral-Fallback,Neutral-Fallback,30.0,60.0
9,[117],1,False,0.0,Neutral-Fallback,Neutral-Fallback,Neutral-Fallback,30.0,60.0
10,[79],1,False,1.0,Casual-Adult,Casual-Adult,Casual-Adult,30.0,60.0
11,[81],1,False,1.0,Neutral-Fallback,Formal-Adult,Casual-Adult,30.0,60.0
12,[94],1,False,1.0,Casual-Adult,Casual-Adult,Casual-Adult,30.0,60.0
13,[111],1,False,0.0,Neutral-Fallback,Neutral-Fallback,Neutral-Fallback,30.0,60.0
14,[73],1,False,0.0,Neutral-Fallback,Neutral-Fallback,Neutral-Fallback,30.0,60.0
15,[90],1,False,0.0,Neutral-Fallback,Neutral-Fallback,Neutral-Fallback,30.0,60.0
16,[122],1,False,1.0,Casual-Adult,Casual-Adult,Casual-Adult,30.0,60.0
17,"[55, 64]",2,False,1.0,Casual-Adult,Neutral-Fallback,Casual-Adult,30.0,60.0
18,[92],1,False,0.0,Neutral-Fallback,Neutral-Fallback,Neutral-Fallback,30.0,60.0
19,[114],1,False,1.0,Neutral-Fallback,Teen/Sportswear,Neutral-Fallback,30.0,60.0
20,[58],1,False,0.0,Neutral-Fallback,Neutral-Fallback,Neutral-Fallback,30.0,60.0
21,[101],1,False,0.0,Neutral-Fallback,Neutral-Fallback,Neutral-Fallback,30.0,60.0
22,[61],1,False,0.0,Neutral-Fallback,Neutral-Fallback,Neutral-Fallback,30.0,60.0
23,[83],1,False,0.0,Neutral-Fallback,Neutral-Fallback,Neutral-Fallback,30.0,60.0
24,[113],1,False,0.0,Neutral-Fallback,Neutral-Fallback,Neutral-Fallback,30.0,60.0
25,[112],1,False,0.0,Neutral-Fallback,Neutral-Fallback,Neutral-Fallback,30.0,60.0
26,[103],1,False,0.0,Neutral-Fallback,Neutral-Fallback,Neutral-Fallback,30.0,60.0
27,[118],1,False,0.0,Neutral-Fallback,Neutral-Fallback,Neutral-Fallback,30.0,60.0
28,[63],1,False,0.0,Neutral-Fallback,Neutral-Fallback,Neutral-Fallback,30.0,60.0
29,[60],1,False,1.0,Casual-Adult,Casual-Adult,Casual-Adult,30.0,60.0
30,[107],1,False,0.0,Neutral-Fallback,Neutral-Fallback,Neutral-Fallback,30.0,60.0
31,[59],1,False,0.0,Neutral-Fallback,Neutral-Fallback,Neutral-Fallback,30.0,60.0
32,[80],1,False,0.0,Neutral-Fallback,Neutral-Fallback,Neutral-Fallback,30.0,60.0
33,[87],1,False,1.0,Neutral-Fallback,Casual-Adult,Casual-Adult,30.0,60.0
34,[125],1,False,0.0,Neutral-Fallback,Neutral-Fallback,Neutral-Fallback,30.0,60.0
35,[100],1,False,0.0,Neutral-Fallback,Neutral-Fallback,Neutral-Fallback,30.0,60.0
36,[104],1,False,1.0,Casual-Adult,Casual-Adult,Casual-Adult,30.0,60.0
37,[126],1,False,0.0,Neutral-Fallback,Neutral-Fallback,Neutral-Fallback,30.0,60.0
38,[102],1,False,0.0,Neutral-Fallback,Neutral-Fallback,Neutral-Fallback,30.0,60.0
39,[65],1,False,1.0,Casual-Adult,Casual-Adult,Casual-Adult,30.0,60.0
40,[88],1,False,0.0,Neutral-Fallback,Neutral-Fallback,Neutral-Fallback,30.0,60.0
41,[98],1,False,0.0,Neutral-Fallback,Neutral-Fallback,Neutral-Fallback,30.0,60.0
0,[106],1,False,1.0,Casual-Adult,Casual-Adult,Casual-Adult,45.0,75.0
1,[56],1,False,1.0,Neutral-Fallback,Teen/Sportswear,Neutral-Fallback,45.0,75.0
2,[66],1,False,1.0,Casual-Adult,Casual-Adult,Casual-Adult,45.0,75.0
3,[145],1,False,0.0,Neutral-Fallback,Neutral-Fallback,Neutral-Fallback,45.0,75.0
4,[57],1,False,0.0,Neutral-Fallback,Neutral-Fallback,Neutral-Fallback,45.0,75.0
5,[158],1,False,0.0,Neutral-Fallback,Neutral-Fallback,Neutral-Fallback,45.0,75.0
6,[120],1,False,1.0,Casual-Adult,Casual-Adult,Casual-Adult,45.0,75.0
7,[108],1,False,0.0,Neutral-Fallback,Neutral-Fallback,Neutral-Fallback,45.0,75.0
8,[160],1,False,0.0,Neutral-Fallback,Neutral-Fallback,Neutral-Fallback,45.0,75.0
9,[117],1,False,0.0,Neutral-Fallback,Neutral-Fallback,Neutral-Fallback,45.0,75.0
10,[79],1,False,1.0,Casual-Adult,Casual-Adult,Casual-Adult,45.0,75.0
11,[150],1,False,0.0,Neutral-Fallback,Neutral-Fallback,Neutral-Fallback,45.0,75.0
12,[94],1,False,1.0,Casual-Adult,Casual-Adult,Casual-Adult,45.0,75.0
13,[111],1,False,0.0,Neutral-Fallback,Neutral-Fallback,Neutral-Fallback,45.0,75.0
14,[147],1,False,1.0,Casual-Adult,Casual-Adult,Casual-Adult,45.0,75.0
15,[90],1,False,0.0,Neutral-Fallback,Neutral-Fallback,Neutral-Fallback,45.0,75.0
16,[177],1,False,0.0,Neutral-Fallback,Neutral-Fallback,Neutral-Fallback,45.0,75.0
17,[122],1,False,1.0,Casual-Adult,Casual-Adult,Casual-Adult,45.0,75.0
18,[149],1,False,1.0,Casual-Adult,Casual-Adult,Casual-Adult,45.0,75.0
19,"[55, 64]",2,False,1.0,Casual-Adult,Neutral-Fallback,Casual-Adult,45.0,75.0
20,[92],1,False,0.0,Neutral-Fallback,Neutral-Fallback,Neutral-Fallback,45.0,75.0
21,[114],1,False,1.0,Neutral-Fallback,Teen/Sportswear,Neutral-Fallback,45.0,75.0
22,[175],1,False,0.0,Neutral-Fallback,Neutral-Fallback,Neutral-Fallback,45.0,75.0
23,[101],1,False,0.0,Neutral-Fallback,Neutral-Fallback,Neutral-Fallback,45.0,75.0
24,[172],1,False,0.0,Neutral-Fallback,Neutral-Fallback,Neutral-Fallback,45.0,75.0
25,[61],1,False,0.0,Neutral-Fallback,Neutral-Fallback,Neutral-Fallback,45.0,75.0
26,[135],1,False,1.0,Casual-Adult,Casual-Adult,Casual-Adult,45.0,75.0
27,[132],1,False,0.0,Neutral-Fallback,Neutral-Fallback,Neutral-Fallback,45.0,75.0
28,[113],1,False,0.0,Neutral-Fallback,Neutral-Fallback,Neutral-Fallback,45.0,75.0
29,[136],1,False,0.0,Neutral-Fallback,Neutral-Fallback,Neutral-Fallback,45.0,75.0
30,[112],1,False,0.0,Neutral-Fallback,Neutral-Fallback,Neutral-Fallback,45.0,75.0
31,[103],1,False,0.0,Neutral-Fallback,Neutral-Fallback,Neutral-Fallback,45.0,75.0
32,[137],1,False,1.0,Casual-Adult,Casual-Adult,Casual-Adult,45.0,75.0
33,[118],1,False,0.0,Neutral-Fallback,Neutral-Fallback,Neutral-Fallback,45.0,75.0
34,[107],1,False,0.0,Neutral-Fallback,Neutral-Fallback,Neutral-Fallback,45.0,75.0
35,[157],1,False,1.0,Casual-Adult,Casual-Adult,Casual-Adult,45.0,75.0
36,[59],1,False,0.0,Neutral-Fallback,Neutral-Fallback,Neutral-Fallback,45.0,75.0
37,[140],1,False,0.0,Neutral-Fallback,Neutral-Fallback,Neutral-Fallback,45.0,75.0
38,[125],1,False,0.0,Neutral-Fallback,Neutral-Fallback,Neutral-Fallback,45.0,75.0
39,[169],1,False,0.0,Neutral-Fallback,Neutral-Fallback,Neutral-Fallback,45.0,75.0
40,[144],1,False,0.0,Neutral-Fallback,Neutral-Fallback,Neutral-Fallback,45.0,75.0
41,[100],1,False,0.0,Neutral-Fallback,Neutral-Fallback,Neutral-Fallback,45.0,75.0
42,[134],1,False,1.0,Casual-Adult,Casual-Adult,Casual-Adult,45.0,75.0
43,[104],1,False,1.0,Casual-Adult,Casual-Adult,Casual-Adult,45.0,75.0
44,[126],1,False,0.0,Neutral-Fallback,Neutral-Fallback,Neutral-Fallback,45.0,75.0
45,[133],1,False,1.0,Casual-Adult,Casual-Adult,Casual-Adult,45.0,75.0
46,[102],1,False,0.0,Neutral-Fallback,Neutral-Fallback,Neutral-Fallback,45.0,75.0
47,[176],1,False,0.0,Neutral-Fallback,Neutral-Fallback,Neutral-Fallback,45.0,75.0
48,[174],1,False,1.0,Casual-Adult,Casual-Adult,Casual-Adult,45.0,75.0
49,[155],1,False,0.0,Neutral-Fallback,Neutral-Fallback,Neutral-Fallback,45.0,75.0
50,[65],1,False,1.0,Casual-Adult,Casual-Adult,Casual-Adult,45.0,75.0
51,[88],1,False,0.0,Neutral-Fallback,Neutral-Fallback,Neutral-Fallback,45.0,75.0
52,[98],1,False,0.0,Neutral-Fallback,Neutral-Fallback,Neutral-Fallback,45.0,75.0
53,[152],1,False,0.0,Neutral-Fallback,Neutral-Fallback,Neutral-Fallback,45.0,75.0
54,[173],1,False,0.0,Neutral-Fallback,Neutral-Fallback,Neutral-Fallback,45.0,75.0
0,"[120, 181, 204]",3,False,0.33,Casual-Adult,Casual-Adult,Casual-Adult,60.0,90.0
1,[198],1,False,1.0,Neutral-Fallback,Formal-Adult,Casual-Adult,60.0,90.0
2,[106],1,False,1.0,Casual-Adult,Casual-Adult,Casual-Adult,60.0,90.0
3,[184],1,False,0.0,Neutral-Fallback,Neutral-Fallback,Neutral-Fallback,60.0,90.0
4,[66],1,False,1.0,Casual-Adult,Casual-Adult,Casual-Adult,60.0,90.0
5,[145],1,False,0.0,Neutral-Fallback,Neutral-Fallback,Neutral-Fallback,60.0,90.0
6,[212],1,False,1.0,Neutral-Fallback,Teen/Sportswear,Neutral-Fallback,60.0,90.0
7,[57],1,False,0.0,Neutral-Fallback,Neutral-Fallback,Neutral-Fallback,60.0,90.0
8,[194],1,False,0.0,Neutral-Fallback,Neutral-Fallback,Neutral-Fallback,60.0,90.0
9,[158],1,False,0.0,Neutral-Fallback,Neutral-Fallback,Neutral-Fallback,60.0,90.0
10,[160],1,False,0.0,Neutral-Fallback,Neutral-Fallback,Neutral-Fallback,60.0,90.0
11,[108],1,False,0.0,Neutral-Fallback,Neutral-Fallback,Neutral-Fallback,60.0,90.0
12,[150],1,False,0.0,Neutral-Fallback,Neutral-Fallback,Neutral-Fallback,60.0,90.0
13,[147],1,False,1.0,Casual-Adult,Casual-Adult,Casual-Adult,60.0,90.0
14,[197],1,False,0.0,Neutral-Fallback,Neutral-Fallback,Neutral-Fallback,60.0,90.0
15,[177],1,False,0.0,Neutral-Fallback,Neutral-Fallback,Neutral-Fallback,60.0,90.0
16,[179],1,False,0.0,Neutral-Fallback,Neutral-Fallback,Neutral-Fallback,60.0,90.0
17,[149],1,False,1.0,Casual-Adult,Casual-Adult,Casual-Adult,60.0,90.0
18,[203],1,False,0.0,Neutral-Fallback,Neutral-Fallback,Neutral-Fallback,60.0,90.0
19,"[55, 64]",2,False,1.0,Casual-Adult,Neutral-Fallback,Casual-Adult,60.0,90.0
20,[114],1,False,1.0,Neutral-Fallback,Teen/Sportswear,Neutral-Fallback,60.0,90.0
21,[175],1,False,0.0,Neutral-Fallback,Neutral-Fallback,Neutral-Fallback,60.0,90.0
22,[172],1,False,0.0,Neutral-Fallback,Neutral-Fallback,Neutral-Fallback,60.0,90.0
23,[135],1,False,1.0,Casual-Adult,Casual-Adult,Casual-Adult,60.0,90.0
24,[202],1,False,1.0,Casual-Adult,Casual-Adult,Casual-Adult,60.0,90.0
25,[132],1,False,0.0,Neutral-Fallback,Neutral-Fallback,Neutral-Fallback,60.0,90.0
26,"[208, 211]",2,False,1.0,Neutral-Fallback,Formal-Adult,Casual-Adult,60.0,90.0
27,[195],1,False,1.0,Casual-Adult,Casual-Adult,Casual-Adult,60.0,90.0
28,[136],1,False,0.0,Neutral-Fallback,Neutral-Fallback,Neutral-Fallback,60.0,90.0
29,[137],1,False,1.0,Casual-Adult,Casual-Adult,Casual-Adult,60.0,90.0
30,[193],1,False,1.0,Casual-Adult,Casual-Adult,Casual-Adult,60.0,90.0
31,[157],1,False,1.0,Casual-Adult,Casual-Adult,Casual-Adult,60.0,90.0
32,[196],1,False,1.0,Casual-Adult,Casual-Adult,Casual-Adult,60.0,90.0
33,[140],1,False,0.0,Neutral-Fallback,Neutral-Fallback,Neutral-Fallback,60.0,90.0
34,[125],1,False,0.0,Neutral-Fallback,Neutral-Fallback,Neutral-Fallback,60.0,90.0
35,[169],1,False,0.0,Neutral-Fallback,Neutral-Fallback,Neutral-Fallback,60.0,90.0
36,[144],1,False,0.0,Neutral-Fallback,Neutral-Fallback,Neutral-Fallback,60.0,90.0
37,[209],1,False,1.0,Casual-Adult,Teen/Sportswear,Neutral-Fallback,60.0,90.0
38,[100],1,False,0.0,Neutral-Fallback,Neutral-Fallback,Neutral-Fallback,60.0,90.0
39,[134],1,False,1.0,Casual-Adult,Casual-Adult,Casual-Adult,60.0,90.0
40,[210],1,False,1.0,Neutral-Fallback,Formal-Adult,Neutral-Fallback,60.0,90.0
41,[191],1,False,1.0,Casual-Adult,Casual-Adult,Casual-Adult,60.0,90.0
42,[133],1,False,1.0,Casual-Adult,Casual-Adult,Casual-Adult,60.0,90.0
43,[176],1,False,0.0,Neutral-Fallback,Neutral-Fallback,Neutral-Fallback,60.0,90.0
44,[206],1,False,0.0,Neutral-Fallback,Neutral-Fallback,Neutral-Fallback,60.0,90.0
45,[174],1,False,1.0,Casual-Adult,Casual-Adult,Casual-Adult,60.0,90.0
46,[155],1,False,0.0,Neutral-Fallback,Neutral-Fallback,Neutral-Fallback,60.0,90.0
47,[187],1,False,1.0,Neutral-Fallback,Formal-Adult,Casual-Adult,60.0,90.0
48,[65],1,False,1.0,Casual-Adult,Casual-Adult,Casual-Adult,60.0,90.0
49,[152],1,False,0.0,Neutral-Fallback,Neutral-Fallback,Neutral-Fallback,60.0,90.0
50,[214],1,False,0.0,Neutral-Fallback,Neutral-Fallback,Neutral-Fallback,60.0,90.0
51,[173],1,False,0.0,Neutral-Fallback,Neutral-Fallback,Neutral-Fallback,60.0,90.0
52,[180],1,False,0.0,Neutral-Fallback,Neutral-Fallback,Neutral-Fallback,60.0,90.0
0,[232],1,False,0.0,Neutral-Fallback,Neutral-Fallback,Neutral-Fallback,75.0,105.0
1,"[120, 181, 204]",3,False,0.33,Casual-Adult,Casual-Adult,Casual-Adult,75.0,105.0
2,[198],1,False,1.0,Neutral-Fallback,Formal-Adult,Casual-Adult,75.0,105.0
3,[212],1,False,1.0,Neutral-Fallback,Teen/Sportswear,Neutral-Fallback,75.0,105.0
4,[184],1,False,0.0,Neutral-Fallback,Neutral-Fallback,Neutral-Fallback,75.0,105.0
5,[66],1,False,1.0,Casual-Adult,Casual-Adult,Casual-Adult,75.0,105.0
6,[231],1,False,0.0,Neutral-Fallback,Neutral-Fallback,Neutral-Fallback,75.0,105.0
7,[57],1,False,0.0,Neutral-Fallback,Neutral-Fallback,Neutral-Fallback,75.0,105.0
8,[194],1,False,0.0,Neutral-Fallback,Neutral-Fallback,Neutral-Fallback,75.0,105.0
9,[237],1,False,1.0,Casual-Adult,Casual-Adult,Casual-Adult,75.0,105.0
10,[242],1,False,0.0,Neutral-Fallback,Neutral-Fallback,Neutral-Fallback,75.0,105.0
11,[215],1,False,0.0,Neutral-Fallback,Neutral-Fallback,Neutral-Fallback,75.0,105.0
12,[220],1,False,0.0,Neutral-Fallback,Neutral-Fallback,Neutral-Fallback,75.0,105.0
13,[197],1,False,0.0,Neutral-Fallback,Neutral-Fallback,Neutral-Fallback,75.0,105.0
14,[243],1,False,1.0,Casual-Adult,Casual-Adult,Casual-Adult,75.0,105.0
15,[177],1,False,0.0,Neutral-Fallback,Neutral-Fallback,Neutral-Fallback,75.0,105.0
16,[179],1,False,0.0,Neutral-Fallback,Neutral-Fallback,Neutral-Fallback,75.0,105.0
17,[203],1,False,0.0,Neutral-Fallback,Neutral-Fallback,Neutral-Fallback,75.0,105.0
18,"[55, 64]",2,False,1.0,Casual-Adult,Neutral-Fallback,Casual-Adult,75.0,105.0
19,[233],1,False,0.0,Neutral-Fallback,Neutral-Fallback,Neutral-Fallback,75.0,105.0
20,[216],1,False,1.0,Neutral-Fallback,Teen/Sportswear,Neutral-Fallback,75.0,105.0
21,[229],1,False,0.0,Neutral-Fallback,Neutral-Fallback,Neutral-Fallback,75.0,105.0
22,[114],1,False,1.0,Neutral-Fallback,Teen/Sportswear,Neutral-Fallback,75.0,105.0
23,[175],1,False,0.0,Neutral-Fallback,Neutral-Fallback,Neutral-Fallback,75.0,105.0
24,[227],1,False,1.0,Casual-Adult,Teen/Sportswear,Casual-Adult,75.0,105.0
25,[202],1,False,1.0,Casual-Adult,Casual-Adult,Casual-Adult,75.0,105.0
26,"[208, 211]",2,False,1.0,Neutral-Fallback,Formal-Adult,Casual-Adult,75.0,105.0
27,[195],1,False,1.0,Casual-Adult,Casual-Adult,Casual-Adult,75.0,105.0
28,[234],1,False,0.0,Neutral-Fallback,Neutral-Fallback,Neutral-Fallback,75.0,105.0
29,"[209, 210, 218]",3,True,1.0,Neutral-Fallback,Family/Child-safe,Family/Child-safe,75.0,105.0
30,[193],1,False,1.0,Casual-Adult,Casual-Adult,Casual-Adult,75.0,105.0
31,[196],1,False,1.0,Casual-Adult,Casual-Adult,Casual-Adult,75.0,105.0
32,[241],1,False,1.0,Casual-Adult,Casual-Adult,Casual-Adult,75.0,105.0
33,[125],1,False,0.0,Neutral-Fallback,Neutral-Fallback,Neutral-Fallback,75.0,105.0
34,[224],1,False,0.0,Neutral-Fallback,Neutral-Fallback,Neutral-Fallback,75.0,105.0
35,[191],1,False,1.0,Casual-Adult,Casual-Adult,Casual-Adult,75.0,105.0
36,[176],1,False,0.0,Neutral-Fallback,Neutral-Fallback,Neutral-Fallback,75.0,105.0
37,[206],1,False,0.0,Neutral-Fallback,Neutral-Fallback,Neutral-Fallback,75.0,105.0
38,[174],1,False,1.0,Casual-Adult,Casual-Adult,Casual-Adult,75.0,105.0
39,[187],1,False,1.0,Neutral-Fallback,Formal-Adult,Casual-Adult,75.0,105.0
40,[65],1,False,1.0,Casual-Adult,Casual-Adult,Casual-Adult,75.0,105.0
41,[239],1,False,0.0,Neutral-Fallback,Neutral-Fallback,Neutral-Fallback,75.0,105.0
42,[222],1,False,0.0,Neutral-Fallback,Neutral-Fallback,Neutral-Fallback,75.0,105.0
43,[214],1,False,0.0,Neutral-Fallback,Neutral-Fallback,Neutral-Fallback,75.0,105.0
44,[180],1,False,0.0,Neutral-Fallback,Neutral-Fallback,Neutral-Fallback,75.0,105.0
0,[232],1,False,0.0,Neutral-Fallback,Neutral-Fallback,Neutral-Fallback,90.0,120.0
1,[248],1,False,1.0,Casual-Adult,Casual-Adult,Casual-Adult,90.0,120.0
2,[231],1,False,0.0,Neutral-Fallback,Neutral-Fallback,Neutral-Fallback,90.0,120.0
3,[212],1,False,1.0,Neutral-Fallback,Teen/Sportswear,Neutral-Fallback,90.0,120.0
4,[242],1,False,0.0,Neutral-Fallback,Neutral-Fallback,Neutral-Fallback,90.0,120.0
5,[237],1,False,1.0,Casual-Adult,Casual-Adult,Casual-Adult,90.0,120.0
6,[251],1,False,0.0,Neutral-Fallback,Neutral-Fallback,Neutral-Fallback,90.0,120.0
7,[258],1,False,1.0,Neutral-Fallback,Formal-Adult,Neutral-Fallback,90.0,120.0
8,[215],1,False,0.0,Neutral-Fallback,Neutral-Fallback,Neutral-Fallback,90.0,120.0
9,[220],1,False,0.0,Neutral-Fallback,Neutral-Fallback,Neutral-Fallback,90.0,120.0
10,[252],1,False,1.0,Casual-Adult,Casual-Adult,Casual-Adult,90.0,120.0
11,[243],1,False,1.0,Casual-Adult,Casual-Adult,Casual-Adult,90.0,120.0
12,[233],1,False,0.0,Neutral-Fallback,Neutral-Fallback,Neutral-Fallback,90.0,120.0
13,[216],1,False,1.0,Neutral-Fallback,Teen/Sportswear,Neutral-Fallback,90.0,120.0
14,[229],1,False,0.0,Neutral-Fallback,Neutral-Fallback,Neutral-Fallback,90.0,120.0
15,[227],1,False,1.0,Casual-Adult,Teen/Sportswear,Casual-Adult,90.0,120.0
16,"[208, 211]",2,False,1.0,Casual-Adult,Neutral-Fallback,Casual-Adult,90.0,120.0
17,[234],1,False,0.0,Neutral-Fallback,Neutral-Fallback,Neutral-Fallback,90.0,120.0
18,"[210, 218]",2,True,1.0,Neutral-Fallback,Family/Child-safe,Family/Child-safe,90.0,120.0
19,[253],1,False,0.0,Neutral-Fallback,Neutral-Fallback,Neutral-Fallback,90.0,120.0
20,[241],1,False,1.0,Casual-Adult,Casual-Adult,Casual-Adult,90.0,120.0
21,[209],1,False,1.0,Neutral-Fallback,Teen/Sportswear,Neutral-Fallback,90.0,120.0
22,[224],1,False,0.0,Neutral-Fallback,Neutral-Fallback,Neutral-Fallback,90.0,120.0
23,[249],1,False,1.0,Casual-Adult,Casual-Adult,Casual-Adult,90.0,120.0
24,[255],1,False,1.0,Casual-Adult,Casual-Adult,Neutral-Fallback,90.0,120.0
25,[239],1,False,0.0,Neutral-Fallback,Neutral-Fallback,Neutral-Fallback,90.0,120.0
26,[259],1,False,0.0,Neutral-Fallback,Neutral-Fallback,Neutral-Fallback,90.0,120.0
27,[222],1,False,0.0,Neutral-Fallback,Neutral-Fallback,Neutral-Fallback,90.0,120.0
0,[292],1,False,1.0,Casual-Adult,Casual-Adult,Casual-Adult,105.0,135.0
1,[248],1,False,1.0,Casual-Adult,Casual-Adult,Casual-Adult,105.0,135.0
2,[272],1,False,1.0,Casual-Adult,Casual-Adult,Casual-Adult,105.0,135.0
3,[212],1,False,1.0,Neutral-Fallback,Teen/Sportswear,Neutral-Fallback,105.0,135.0
4,[258],1,False,1.0,Neutral-Fallback,Formal-Adult,Neutral-Fallback,105.0,135.0
5,[251],1,False,0.0,Neutral-Fallback,Neutral-Fallback,Neutral-Fallback,105.0,135.0
6,[252],1,False,1.0,Casual-Adult,Casual-Adult,Casual-Adult,105.0,135.0
7,[271],1,False,0.0,Neutral-Fallback,Neutral-Fallback,Neutral-Fallback,105.0,135.0
8,"[208, 211]",2,False,1.0,Casual-Adult,Neutral-Fallback,Casual-Adult,105.0,135.0
9,"[210, 218]",2,True,1.0,Neutral-Fallback,Family/Child-safe,Family/Child-safe,105.0,135.0
10,[276],1,False,0.0,Neutral-Fallback,Neutral-Fallback,Neutral-Fallback,105.0,135.0
11,[253],1,False,0.0,Neutral-Fallback,Neutral-Fallback,Neutral-Fallback,105.0,135.0
12,"[278, 285]",2,False,1.0,Neutral-Fallback,Neutral-Fallback,Neutral-Fallback,105.0,135.0
13,[284],1,False,1.0,Casual-Adult,Casual-Adult,Casual-Adult,105.0,135.0
14,"[269, 282]",2,False,1.0,Neutral-Fallback,Neutral-Fallback,Neutral-Fallback,105.0,135.0
15,[209],1,False,1.0,Neutral-Fallback,Teen/Sportswear,Neutral-Fallback,105.0,135.0
16,[295],1,False,0.0,Neutral-Fallback,Neutral-Fallback,Neutral-Fallback,105.0,135.0
17,[249],1,False,1.0,Casual-Adult,Casual-Adult,Casual-Adult,105.0,135.0
18,[293],1,False,0.0,Neutral-Fallback,Neutral-Fallback,Neutral-Fallback,105.0,135.0
19,[255],1,False,1.0,Casual-Adult,Casual-Adult,Neutral-Fallback,105.0,135.0
20,[239],1,False,0.0,Neutral-Fallback,Neutral-Fallback,Neutral-Fallback,105.0,135.0
21,[259],1,False,0.0,Neutral-Fallback,Neutral-Fallback,Neutral-Fallback,105.0,135.0
0,[292],1,False,1.0,Casual-Adult,Casual-Adult,Casual-Adult,120.0,150.0
1,[298],1,False,0.0,Neutral-Fallback,Neutral-Fallback,Neutral-Fallback,120.0,150.0
2,[322],1,False,1.0,Teen/Sportswear,Teen/Sportswear,Casual-Adult,120.0,150.0
3,[272],1,False,1.0,Casual-Adult,Casual-Adult,Casual-Adult,120.0,150.0
4,[308],1,False,0.0,Neutral-Fallback,Neutral-Fallback,Neutral-Fallback,120.0,150.0
5,[316],1,False,1.0,Casual-Adult,Casual-Adult,Neutral-Fallback,120.0,150.0
6,"[317, 318, 319]",3,False,1.0,Casual-Adult,Neutral-Fallback,Casual-Adult,120.0,150.0
7,[271],1,False,0.0,Neutral-Fallback,Neutral-Fallback,Neutral-Fallback,120.0,150.0
8,[305],1,False,1.0,Neutral-Fallback,Teen/Sportswear,Neutral-Fallback,120.0,150.0
9,[276],1,False,0.0,Neutral-Fallback,Neutral-Fallback,Neutral-Fallback,120.0,150.0
10,"[278, 285]",2,False,1.0,Neutral-Fallback,Neutral-Fallback,Neutral-Fallback,120.0,150.0
11,[284],1,False,1.0,Casual-Adult,Casual-Adult,Casual-Adult,120.0,150.0
12,[297],1,False,0.0,Neutral-Fallback,Neutral-Fallback,Neutral-Fallback,120.0,150.0
13,"[269, 282]",2,False,1.0,Neutral-Fallback,Neutral-Fallback,Neutral-Fallback,120.0,150.0
14,[295],1,False,0.0,Neutral-Fallback,Neutral-Fallback,Neutral-Fallback,120.0,150.0
15,"[208, 209, 211, 301, 310]",5,False,1.0,Casual-Adult,Neutral-Fallback,Casual-Adult,120.0,150.0
16,[306],1,False,0.0,Neutral-Fallback,Neutral-Fallback,Neutral-Fallback,120.0,150.0
17,[293],1,False,0.0,Neutral-Fallback,Neutral-Fallback,Neutral-Fallback,120.0,150.0
18,[239],1,False,0.0,Neutral-Fallback,Neutral-Fallback,Neutral-Fallback,120.0,150.0
19,[309],1,False,0.0,Neutral-Fallback,Neutral-Fallback,Neutral-Fallback,120.0,150.0
20,[304],1,False,0.0,Neutral-Fallback,Neutral-Fallback,Neutral-Fallback,120.0,150.0
21,[313],1,False,1.0,Casual-Adult,Casual-Adult,Casual-Adult,120.0,150.0
0,[322],1,False,1.0,Teen/Sportswear,Teen/Sportswear,Casual-Adult,135.0,165.0
1,[298],1,False,0.0,Neutral-Fallback,Neutral-Fallback,Neutral-Fallback,135.0,165.0
2,"[318, 319]",2,False,1.0,Neutral-Fallback,Neutral-Fallback,Neutral-Fallback,135.0,165.0
3,[308],1,False,0.0,Neutral-Fallback,Neutral-Fallback,Neutral-Fallback,135.0,165.0
4,[316],1,False,1.0,Casual-Adult,Casual-Adult,Neutral-Fallback,135.0,165.0
5,[341],1,False,0.0,Neutral-Fallback,Neutral-Fallback,Neutral-Fallback,135.0,165.0
6,"[208, 209, 301, 310]",4,False,1.0,Casual-Adult,Teen/Sportswear,Casual-Adult,135.0,165.0
7,[338],1,False,1.0,Neutral-Fallback,Teen/Sportswear,Neutral-Fallback,135.0,165.0
8,[305],1,False,1.0,Neutral-Fallback,Teen/Sportswear,Neutral-Fallback,135.0,165.0
9,"[326, 330]",2,False,1.0,Casual-Adult,Casual-Adult,Casual-Adult,135.0,165.0
10,[340],1,True,1.0,Neutral-Fallback,Family/Child-safe,Family/Child-safe,135.0,165.0
11,[336],1,False,1.0,Neutral-Fallback,Teen/Sportswear,Neutral-Fallback,135.0,165.0
12,[333],1,False,1.0,Neutral-Fallback,Formal-Adult,Neutral-Fallback,135.0,165.0
13,[297],1,False,0.0,Neutral-Fallback,Neutral-Fallback,Neutral-Fallback,135.0,165.0
14,[317],1,False,1.0,Casual-Adult,Teen/Sportswear,Casual-Adult,135.0,165.0
15,"[269, 282]",2,False,1.0,Neutral-Fallback,Neutral-Fallback,Neutral-Fallback,135.0,165.0
16,[335],1,False,0.0,Neutral-Fallback,Neutral-Fallback,Neutral-Fallback,135.0,165.0
17,[331],1,False,0.0,Neutral-Fallback,Neutral-Fallback,Neutral-Fallback,135.0,165.0
18,[306],1,False,0.0,Neutral-Fallback,Neutral-Fallback,Neutral-Fallback,135.0,165.0
19,[304],1,False,0.0,Neutral-Fallback,Neutral-Fallback,Neutral-Fallback,135.0,165.0
20,[339],1,False,1.0,Neutral-Fallback,Teen/Sportswear,Neutral-Fallback,135.0,165.0
21,[309],1,False,0.0,Neutral-Fallback,Neutral-Fallback,Neutral-Fallback,135.0,165.0
22,[334],1,False,0.0,Neutral-Fallback,Neutral-Fallback,Neutral-Fallback,135.0,165.0
23,[327],1,False,1.0,Casual-Adult,Casual-Adult,Casual-Adult,135.0,165.0
24,[313],1,False,1.0,Casual-Adult,Casual-Adult,Casual-Adult,135.0,165.0
0,[344],1,False,0.0,Neutral-Fallback,Neutral-Fallback,Neutral-Fallback,150.0,180.0
1,[335],1,False,0.0,Neutral-Fallback,Neutral-Fallback,Neutral-Fallback,150.0,180.0
2,[317],1,False,1.0,Casual-Adult,Teen/Sportswear,Casual-Adult,150.0,180.0
3,[331],1,False,0.0,Neutral-Fallback,Neutral-Fallback,Neutral-Fallback,150.0,180.0
4,[336],1,False,1.0,Neutral-Fallback,Teen/Sportswear,Neutral-Fallback,150.0,180.0
5,[340],1,True,1.0,Neutral-Fallback,Family/Child-safe,Family/Child-safe,150.0,180.0
6,[338],1,False,1.0,Neutral-Fallback,Teen/Sportswear,Neutral-Fallback,150.0,180.0
7,"[318, 319]",2,False,1.0,Neutral-Fallback,Neutral-Fallback,Neutral-Fallback,150.0,180.0
8,[348],1,False,1.0,Neutral-Fallback,Teen/Sportswear,Neutral-Fallback,150.0,180.0
9,[349],1,False,1.0,Casual-Adult,Casual-Adult,Casual-Adult,150.0,180.0
10,[333],1,False,1.0,Neutral-Fallback,Formal-Adult,Neutral-Fallback,150.0,180.0
11,[346],1,False,0.0,Neutral-Fallback,Neutral-Fallback,Neutral-Fallback,150.0,180.0
12,"[326, 330]",2,False,1.0,Neutral-Fallback,Casual-Adult,Casual-Adult,150.0,180.0
13,[339],1,False,1.0,Neutral-Fallback,Teen/Sportswear,Neutral-Fallback,150.0,180.0
14,[341],1,False,0.0,Neutral-Fallback,Neutral-Fallback,Neutral-Fallback,150.0,180.0
15,[343],1,False,1.0,Casual-Adult,Casual-Adult,Casual-Adult,150.0,180.0
16,[334],1,False,0.0,Neutral-Fallback,Neutral-Fallback,Neutral-Fallback,150.0,180.0
17,[327],1,False,1.0,Casual-Adult,Casual-Adult,Casual-Adult,150.0,180.0
0,[344],1,False,0.0,Neutral-Fallback,Neutral-Fallback,Neutral-Fallback,165.0,195.0
1,[367],1,False,0.0,Neutral-Fallback,Neutral-Fallback,Neutral-Fallback,165.0,195.0
2,[336],1,False,1.0,Neutral-Fallback,Teen/Sportswear,Neutral-Fallback,165.0,195.0
3,[349],1,False,1.0,Casual-Adult,Casual-Adult,Casual-Adult,165.0,195.0
4,[351],1,False,1.0,Neutral-Fallback,Teen/Sportswear,Neutral-Fallback,165.0,195.0
5,[348],1,False,1.0,Neutral-Fallback,Teen/Sportswear,Neutral-Fallback,165.0,195.0
6,[360],1,False,0.0,Neutral-Fallback,Neutral-Fallback,Neutral-Fallback,165.0,195.0
7,[346],1,False,0.0,Neutral-Fallback,Neutral-Fallback,Neutral-Fallback,165.0,195.0
8,"[318, 319, 326, 330, 361, 366]",6,False,1.0,Neutral-Fallback,Casual-Adult,Casual-Adult,165.0,195.0
9,[357],1,False,0.0,Neutral-Fallback,Neutral-Fallback,Neutral-Fallback,165.0,195.0
10,[339],1,False,1.0,Neutral-Fallback,Teen/Sportswear,Neutral-Fallback,165.0,195.0
11,[359],1,False,0.0,Neutral-Fallback,Neutral-Fallback,Neutral-Fallback,165.0,195.0
12,[368],1,False,1.0,Casual-Adult,Teen/Sportswear,Casual-Adult,165.0,195.0
13,[362],1,False,1.0,Casual-Adult,Teen/Sportswear,Casual-Adult,165.0,195.0
14,[343],1,False,1.0,Casual-Adult,Casual-Adult,Casual-Adult,165.0,195.0
15,[317],1,False,1.0,Casual-Adult,Teen/Sportswear,Casual-Adult,165.0,195.0
0,[385],1,False,1.0,Neutral-Fallback,Teen/Sportswear,Neutral-Fallback,180.0,210.0
1,[360],1,False,0.0,Neutral-Fallback,Neutral-Fallback,Neutral-Fallback,180.0,210.0
2,[380],1,False,0.0,Neutral-Fallback,Neutral-Fallback,Neutral-Fallback,180.0,210.0
3,"[318, 319, 326, 330, 361, 366]",6,False,1.0,Neutral-Fallback,Formal-Adult,Casual-Adult,180.0,210.0
4,[362],1,False,1.0,Casual-Adult,Teen/Sportswear,Casual-Adult,180.0,210.0
5,[359],1,False,0.0,Neutral-Fallback,Neutral-Fallback,Neutral-Fallback,180.0,210.0
6,[384],1,False,0.0,Neutral-Fallback,Neutral-Fallback,Neutral-Fallback,180.0,210.0
7,[372],1,False,1.0,Neutral-Fallback,Formal-Adult,Neutral-Fallback,180.0,210.0
8,"[375, 383]",2,True,1.0,Neutral-Fallback,Family/Child-safe,Family/Child-safe,180.0,210.0
9,[374],1,False,0.0,Neutral-Fallback,Neutral-Fallback,Neutral-Fallback,180.0,210.0
10,[336],1,False,1.0,Neutral-Fallback,Teen/Sportswear,Neutral-Fallback,180.0,210.0
11,[351],1,False,1.0,Neutral-Fallback,Teen/Sportswear,Neutral-Fallback,180.0,210.0
12,[381],1,False,0.0,Neutral-Fallback,Neutral-Fallback,Neutral-Fallback,180.0,210.0
13,[377],1,False,1.0,Neutral-Fallback,Formal-Adult,Casual-Adult,180.0,210.0
14,[373],1,False,1.0,Casual-Adult,Casual-Adult,Casual-Adult,180.0,210.0
15,[317],1,False,1.0,Casual-Adult,Teen/Sportswear,Casual-Adult,180.0,210.0
16,[367],1,False,0.0,Neutral-Fallback,Neutral-Fallback,Neutral-Fallback,180.0,210.0
17,[357],1,False,0.0,Neutral-Fallback,Neutral-Fallback,Neutral-Fallback,180.0,210.0
18,[371],1,False,0.0,Neutral-Fallback,Neutral-Fallback,Neutral-Fallback,180.0,210.0
19,[339],1,False,1.0,Neutral-Fallback,Teen/Sportswear,Neutral-Fallback,180.0,210.0
20,[368],1,False,1.0,Casual-Adult,Casual-Adult,Casual-Adult,180.0,210.0
0,[396],1,False,0.0,Neutral-Fallback,Neutral-Fallback,Neutral-Fallback,195.0,225.0
1,[385],1,False,1.0,Neutral-Fallback,Teen/Sportswear,Neutral-Fallback,195.0,225.0
2,[389],1,False,1.0,Casual-Adult,Teen/Sportswear,Casual-Adult,195.0,225.0
3,[403],1,False,0.0,Neutral-Fallback,Neutral-Fallback,Neutral-Fallback,195.0,225.0
4,[405],1,False,1.0,Neutral-Fallback,Teen/Sportswear,Neutral-Fallback,195.0,225.0
5,[404],1,False,1.0,Casual-Adult,Casual-Adult,Casual-Adult,195.0,225.0
6,[366],1,False,1.0,Neutral-Fallback,Formal-Adult,Casual-Adult,195.0,225.0
7,[380],1,False,0.0,Neutral-Fallback,Neutral-Fallback,Neutral-Fallback,195.0,225.0
8,[391],1,False,1.0,Neutral-Fallback,Teen/Sportswear,Casual-Adult,195.0,225.0
9,[406],1,False,0.0,Neutral-Fallback,Neutral-Fallback,Neutral-Fallback,195.0,225.0
10,[362],1,False,1.0,Casual-Adult,Teen/Sportswear,Casual-Adult,195.0,225.0
11,[390],1,False,1.0,Neutral-Fallback,Teen/Sportswear,Neutral-Fallback,195.0,225.0
12,[384],1,False,0.0,Neutral-Fallback,Neutral-Fallback,Neutral-Fallback,195.0,225.0
13,[415],1,False,1.0,Casual-Adult,Casual-Adult,Casual-Adult,195.0,225.0
14,[372],1,False,1.0,Neutral-Fallback,Formal-Adult,Neutral-Fallback,195.0,225.0
15,[411],1,False,1.0,Casual-Adult,Casual-Adult,Casual-Adult,195.0,225.0
16,"[326, 330]",2,False,1.0,Neutral-Fallback,Formal-Adult,Casual-Adult,195.0,225.0
17,[374],1,False,0.0,Neutral-Fallback,Neutral-Fallback,Neutral-Fallback,195.0,225.0
18,[388],1,False,0.0,Neutral-Fallback,Neutral-Fallback,Neutral-Fallback,195.0,225.0
19,[351],1,False,1.0,Neutral-Fallback,Teen/Sportswear,Neutral-Fallback,195.0,225.0
20,[394],1,False,0.0,Neutral-Fallback,Neutral-Fallback,Neutral-Fallback,195.0,225.0
21,[381],1,False,0.0,Neutral-Fallback,Neutral-Fallback,Neutral-Fallback,195.0,225.0
22,[377],1,False,1.0,Neutral-Fallback,Formal-Adult,Casual-Adult,195.0,225.0
23,[397],1,False,0.0,Neutral-Fallback,Neutral-Fallback,Neutral-Fallback,195.0,225.0
24,"[339, 375, 383]",3,True,1.0,Neutral-Fallback,Family/Child-safe,Family/Child-safe,195.0,225.0
25,[401],1,True,1.0,Casual-Adult,Family/Child-safe,Family/Child-safe,195.0,225.0
26,[373],1,False,1.0,Casual-Adult,Casual-Adult,Casual-Adult,195.0,225.0
27,[367],1,False,0.0,Neutral-Fallback,Neutral-Fallback,Neutral-Fallback,195.0,225.0
28,[412],1,False,1.0,Casual-Adult,Casual-Adult,Casual-Adult,195.0,225.0
29,[371],1,False,0.0,Neutral-Fallback,Neutral-Fallback,Neutral-Fallback,195.0,225.0
30,[368],1,False,1.0,Casual-Adult,Casual-Adult,Casual-Adult,195.0,225.0
31,[409],1,False,0.0,Neutral-Fallback,Neutral-Fallback,Neutral-Fallback,195.0,225.0
0,[396],1,False,0.0,Neutral-Fallback,Neutral-Fallback,Neutral-Fallback,210.0,240.0
1,[385],1,False,1.0,Neutral-Fallback,Teen/Sportswear,Neutral-Fallback,210.0,240.0
2,[389],1,False,1.0,Casual-Adult,Teen/Sportswear,Casual-Adult,210.0,240.0
3,[403],1,False,0.0,Neutral-Fallback,Neutral-Fallback,Neutral-Fallback,210.0,240.0
4,[405],1,False,1.0,Neutral-Fallback,Teen/Sportswear,Neutral-Fallback,210.0,240.0
5,[421],1,False,1.0,Neutral-Fallback,Teen/Sportswear,Neutral-Fallback,210.0,240.0
6,[404],1,False,1.0,Casual-Adult,Casual-Adult,Casual-Adult,210.0,240.0
7,[427],1,False,1.0,Neutral-Fallback,Formal-Adult,Neutral-Fallback,210.0,240.0
8,[391],1,False,1.0,Neutral-Fallback,Teen/Sportswear,Casual-Adult,210.0,240.0
9,[406],1,False,0.0,Neutral-Fallback,Neutral-Fallback,Neutral-Fallback,210.0,240.0
10,[390],1,False,1.0,Neutral-Fallback,Teen/Sportswear,Neutral-Fallback,210.0,240.0
11,[415],1,False,1.0,Casual-Adult,Casual-Adult,Casual-Adult,210.0,240.0
12,[430],1,False,0.0,Neutral-Fallback,Neutral-Fallback,Neutral-Fallback,210.0,240.0
13,[411],1,False,1.0,Casual-Adult,Casual-Adult,Casual-Adult,210.0,240.0
14,"[326, 330]",2,False,1.0,Neutral-Fallback,Formal-Adult,Casual-Adult,210.0,240.0
15,[388],1,False,0.0,Neutral-Fallback,Neutral-Fallback,Neutral-Fallback,210.0,240.0
16,[418],1,False,0.0,Neutral-Fallback,Neutral-Fallback,Neutral-Fallback,210.0,240.0
17,[351],1,False,1.0,Neutral-Fallback,Teen/Sportswear,Neutral-Fallback,210.0,240.0
18,[394],1,False,0.0,Neutral-Fallback,Neutral-Fallback,Neutral-Fallback,210.0,240.0
19,[423],1,False,1.0,Neutral-Fallback,Formal-Adult,Neutral-Fallback,210.0,240.0
20,[397],1,False,0.0,Neutral-Fallback,Neutral-Fallback,Neutral-Fallback,210.0,240.0
21,"[339, 375, 383]",3,True,1.0,Neutral-Fallback,Family/Child-safe,Family/Child-safe,210.0,240.0
22,[401],1,True,1.0,Casual-Adult,Family/Child-safe,Family/Child-safe,210.0,240.0
23,[424],1,False,0.0,Neutral-Fallback,Neutral-Fallback,Neutral-Fallback,210.0,240.0
24,[412],1,False,1.0,Casual-Adult,Casual-Adult,Casual-Adult,210.0,240.0
25,[409],1,False,0.0,Neutral-Fallback,Neutral-Fallback,Neutral-Fallback,210.0,240.0
0,[403],1,False,0.0,Neutral-Fallback,Neutral-Fallback,Neutral-Fallback,225.0,255.0
1,[405],1,False,1.0,Neutral-Fallback,Teen/Sportswear,Neutral-Fallback,225.0,255.0
2,[421],1,False,1.0,Neutral-Fallback,Teen/Sportswear,Neutral-Fallback,225.0,255.0
3,[434],1,False,1.0,Neutral-Fallback,Teen/Sportswear,Neutral-Fallback,225.0,255.0
4,[450],1,False,0.0,Neutral-Fallback,Neutral-Fallback,Neutral-Fallback,225.0,255.0
5,[445],1,False,0.0,Neutral-Fallback,Neutral-Fallback,Neutral-Fallback,225.0,255.0
6,[432],1,False,0.0,Neutral-Fallback,Neutral-Fallback,Neutral-Fallback,225.0,255.0
7,[452],1,False,0.0,Neutral-Fallback,Neutral-Fallback,Neutral-Fallback,225.0,255.0
8,"[326, 330, 339]",3,False,1.0,Neutral-Fallback,Formal-Adult,Casual-Adult,225.0,255.0
9,[415],1,False,1.0,Casual-Adult,Casual-Adult,Casual-Adult,225.0,255.0
10,[430],1,False,0.0,Neutral-Fallback,Neutral-Fallback,Neutral-Fallback,225.0,255.0
11,"[375, 383]",2,True,1.0,Neutral-Fallback,Family/Child-safe,Family/Child-safe,225.0,255.0
12,[439],1,False,1.0,Casual-Adult,Casual-Adult,Casual-Adult,225.0,255.0
13,[438],1,False,1.0,Casual-Adult,Casual-Adult,Casual-Adult,225.0,255.0
14,[448],1,False,0.0,Neutral-Fallback,Neutral-Fallback,Neutral-Fallback,225.0,255.0
15,[418],1,False,0.0,Neutral-Fallback,Neutral-Fallback,Neutral-Fallback,225.0,255.0
16,[423],1,False,1.0,Neutral-Fallback,Formal-Adult,Neutral-Fallback,225.0,255.0
17,[447],1,False,1.0,Casual-Adult,Casual-Adult,Casual-Adult,225.0,255.0
18,[451],1,False,0.0,Neutral-Fallback,Neutral-Fallback,Neutral-Fallback,225.0,255.0
19,[431],1,False,1.0,Casual-Adult,Casual-Adult,Casual-Adult,225.0,255.0
20,[424],1,False,0.0,Neutral-Fallback,Neutral-Fallback,Neutral-Fallback,225.0,255.0
21,"[427, 437]",2,False,1.0,Neutral-Fallback,Neutral-Fallback,Neutral-Fallback,225.0,255.0
22,[449],1,False,1.0,Casual-Adult,Casual-Adult,Casual-Adult,225.0,255.0
0,[434],1,False,1.0,Neutral-Fallback,Teen/Sportswear,Neutral-Fallback,240.0,270.0
1,[464],1,False,0.0,Neutral-Fallback,Neutral-Fallback,Neutral-Fallback,240.0,270.0
2,[450],1,False,0.0,Neutral-Fallback,Neutral-Fallback,Neutral-Fallback,240.0,270.0
3,[474],1,False,1.0,Casual-Adult,Casual-Adult,Casual-Adult,240.0,270.0
4,[445],1,False,0.0,Neutral-Fallback,Neutral-Fallback,Neutral-Fallback,240.0,270.0
5,[432],1,False,0.0,Neutral-Fallback,Neutral-Fallback,Neutral-Fallback,240.0,270.0
6,[452],1,False,0.0,Neutral-Fallback,Neutral-Fallback,Neutral-Fallback,240.0,270.0
7,[481],1,False,1.0,Casual-Adult,Casual-Adult,Casual-Adult,240.0,270.0
8,[468],1,False,1.0,Casual-Adult,Casual-Adult,Casual-Adult,240.0,270.0
9,[493],1,False,1.0,Casual-Adult,Casual-Adult,Casual-Adult,240.0,270.0
10,[439],1,False,1.0,Casual-Adult,Casual-Adult,Casual-Adult,240.0,270.0
11,[438],1,False,1.0,Casual-Adult,Casual-Adult,Casual-Adult,240.0,270.0
12,[463],1,False,0.0,Neutral-Fallback,Neutral-Fallback,Neutral-Fallback,240.0,270.0
13,[448],1,False,0.0,Neutral-Fallback,Neutral-Fallback,Neutral-Fallback,240.0,270.0
14,[500],1,False,1.0,Neutral-Fallback,Formal-Adult,Neutral-Fallback,240.0,270.0
15,[494],1,False,1.0,Neutral-Fallback,Teen/Sportswear,Casual-Adult,240.0,270.0
16,[457],1,False,1.0,Neutral-Fallback,Teen/Sportswear,Neutral-Fallback,240.0,270.0
17,"[471, 480]",2,False,1.0,Neutral-Fallback,Neutral-Fallback,Neutral-Fallback,240.0,270.0
18,"[326, 330, 339, 453, 465]",5,False,1.0,Neutral-Fallback,Neutral-Fallback,Casual-Adult,240.0,270.0
19,[486],1,False,1.0,Casual-Adult,Casual-Adult,Casual-Adult,240.0,270.0
20,[482],1,False,1.0,Neutral-Fallback,Teen/Sportswear,Neutral-Fallback,240.0,270.0
21,[473],1,False,0.0,Neutral-Fallback,Neutral-Fallback,Neutral-Fallback,240.0,270.0
22,[483],1,False,0.0,Neutral-Fallback,Neutral-Fallback,Neutral-Fallback,240.0,270.0
23,[447],1,False,1.0,Casual-Adult,Casual-Adult,Casual-Adult,240.0,270.0
24,[455],1,False,0.0,Neutral-Fallback,Neutral-Fallback,Neutral-Fallback,240.0,270.0
25,[462],1,False,0.0,Neutral-Fallback,Neutral-Fallback,Neutral-Fallback,240.0,270.0
26,[489],1,False,1.0,Casual-Adult,Casual-Adult,Casual-Adult,240.0,270.0
27,[461],1,False,0.0,Neutral-Fallback,Neutral-Fallback,Neutral-Fallback,240.0,270.0
28,[466],1,False,1.0,Casual-Adult,Casual-Adult,Casual-Adult,240.0,270.0
29,[475],1,False,1.0,Casual-Adult,Casual-Adult,Casual-Adult,240.0,270.0
30,[451],1,False,0.0,Neutral-Fallback,Neutral-Fallback,Neutral-Fallback,240.0,270.0
31,"[476, 478, 479]",3,False,1.0,Casual-Adult,Casual-Adult,Neutral-Fallback,240.0,270.0
32,[492],1,False,0.0,Neutral-Fallback,Neutral-Fallback,Neutral-Fallback,240.0,270.0
33,[431],1,False,1.0,Casual-Adult,Casual-Adult,Casual-Adult,240.0,270.0
34,[456],1,False,0.0,Neutral-Fallback,Neutral-Fallback,Neutral-Fallback,240.0,270.0
35,[491],1,False,0.0,Neutral-Fallback,Neutral-Fallback,Neutral-Fallback,240.0,270.0
36,"[427, 437]",2,False,1.0,Neutral-Fallback,Neutral-Fallback,Neutral-Fallback,240.0,270.0
37,[470],1,False,0.0,Neutral-Fallback,Neutral-Fallback,Neutral-Fallback,240.0,270.0
38,[449],1,False,1.0,Casual-Adult,Casual-Adult,Casual-Adult,240.0,270.0
39,"[469, 477]",2,False,1.0,Neutral-Fallback,Neutral-Fallback,Neutral-Fallback,240.0,270.0
40,[490],1,False,0.0,Neutral-Fallback,Neutral-Fallback,Neutral-Fallback,240.0,270.0
0,[515],1,False,1.0,Casual-Adult,Casual-Adult,Casual-Adult,255.0,285.0
1,[550],1,False,1.0,Casual-Adult,Casual-Adult,Casual-Adult,255.0,285.0
2,[464],1,False,0.0,Neutral-Fallback,Neutral-Fallback,Neutral-Fallback,255.0,285.0
3,[530],1,False,1.0,Casual-Adult,Casual-Adult,Casual-Adult,255.0,285.0
4,[474],1,False,1.0,Casual-Adult,Casual-Adult,Casual-Adult,255.0,285.0
5,[509],1,True,1.0,Neutral-Fallback,Family/Child-safe,Family/Child-safe,255.0,285.0
6,"[510, 513, 522]",3,False,1.0,Neutral-Fallback,Formal-Adult,Neutral-Fallback,255.0,285.0
7,[521],1,False,1.0,Casual-Adult,Casual-Adult,Casual-Adult,255.0,285.0
8,[539],1,False,1.0,Casual-Adult,Casual-Adult,Casual-Adult,255.0,285.0
9,[536],1,False,0.0,Neutral-Fallback,Neutral-Fallback,Neutral-Fallback,255.0,285.0
10,[481],1,False,1.0,Casual-Adult,Teen/Sportswear,Casual-Adult,255.0,285.0
11,[512],1,False,0.0,Neutral-Fallback,Neutral-Fallback,Neutral-Fallback,255.0,285.0
12,[543],1,True,1.0,Neutral-Fallback,Family/Child-safe,Family/Child-safe,255.0,285.0
13,[468],1,False,1.0,Casual-Adult,Casual-Adult,Casual-Adult,255.0,285.0
14,[538],1,False,1.0,Casual-Adult,Casual-Adult,Casual-Adult,255.0,285.0
15,[551],1,False,0.0,Neutral-Fallback,Neutral-Fallback,Casual-Adult,255.0,285.0
16,[523],1,True,1.0,Neutral-Fallback,Family/Child-safe,Family/Child-safe,255.0,285.0
17,[493],1,False,1.0,Casual-Adult,Casual-Adult,Casual-Adult,255.0,285.0
18,[520],1,False,1.0,Casual-Adult,Casual-Adult,Casual-Adult,255.0,285.0
19,[508],1,False,1.0,Casual-Adult,Casual-Adult,Casual-Adult,255.0,285.0
20,[537],1,True,1.0,Neutral-Fallback,Family/Child-safe,Family/Child-safe,255.0,285.0
21,[463],1,False,0.0,Neutral-Fallback,Neutral-Fallback,Neutral-Fallback,255.0,285.0
22,[505],1,False,1.0,Neutral-Fallback,Formal-Adult,Casual-Adult,255.0,285.0
23,[500],1,False,1.0,Neutral-Fallback,Teen/Sportswear,Neutral-Fallback,255.0,285.0
24,[457],1,False,1.0,Neutral-Fallback,Teen/Sportswear,Neutral-Fallback,255.0,285.0
25,"[471, 480]",2,False,1.0,Neutral-Fallback,Neutral-Fallback,Neutral-Fallback,255.0,285.0
26,[524],1,False,0.0,Neutral-Fallback,Neutral-Fallback,Neutral-Fallback,255.0,285.0
27,[486],1,False,1.0,Casual-Adult,Casual-Adult,Casual-Adult,255.0,285.0
28,[545],1,False,1.0,Casual-Adult,Casual-Adult,Casual-Adult,255.0,285.0
29,[482],1,False,1.0,Neutral-Fallback,Teen/Sportswear,Neutral-Fallback,255.0,285.0
30,[514],1,False,0.0,Neutral-Fallback,Neutral-Fallback,Neutral-Fallback,255.0,285.0
31,"[326, 339, 453, 465]",4,False,1.0,Neutral-Fallback,Teen/Sportswear,Casual-Adult,255.0,285.0
32,[473],1,False,0.0,Neutral-Fallback,Neutral-Fallback,Neutral-Fallback,255.0,285.0
33,[483],1,False,0.0,Neutral-Fallback,Neutral-Fallback,Neutral-Fallback,255.0,285.0
34,[455],1,False,0.0,Neutral-Fallback,Neutral-Fallback,Neutral-Fallback,255.0,285.0
35,[462],1,False,0.0,Neutral-Fallback,Neutral-Fallback,Neutral-Fallback,255.0,285.0
36,[489],1,False,1.0,Casual-Adult,Casual-Adult,Casual-Adult,255.0,285.0
37,[506],1,False,1.0,Neutral-Fallback,Teen/Sportswear,Neutral-Fallback,255.0,285.0
38,[461],1,False,0.0,Neutral-Fallback,Neutral-Fallback,Neutral-Fallback,255.0,285.0
39,[526],1,False,1.0,Casual-Adult,Casual-Adult,Casual-Adult,255.0,285.0
40,[466],1,False,1.0,Casual-Adult,Casual-Adult,Casual-Adult,255.0,285.0
41,[547],1,False,0.0,Neutral-Fallback,Neutral-Fallback,Neutral-Fallback,255.0,285.0
42,[451],1,False,0.0,Neutral-Fallback,Neutral-Fallback,Neutral-Fallback,255.0,285.0
43,"[476, 478, 479]",3,False,1.0,Casual-Adult,Casual-Adult,Neutral-Fallback,255.0,285.0
44,[518],1,False,1.0,Neutral-Fallback,Teen/Sportswear,Neutral-Fallback,255.0,285.0
45,[492],1,False,0.0,Neutral-Fallback,Neutral-Fallback,Neutral-Fallback,255.0,285.0
46,[456],1,False,0.0,Neutral-Fallback,Neutral-Fallback,Neutral-Fallback,255.0,285.0
47,[491],1,False,0.0,Neutral-Fallback,Neutral-Fallback,Neutral-Fallback,255.0,285.0
48,"[427, 437]",2,False,1.0,Neutral-Fallback,Neutral-Fallback,Neutral-Fallback,255.0,285.0
49,[470],1,False,0.0,Neutral-Fallback,Neutral-Fallback,Neutral-Fallback,255.0,285.0
50,[504],1,False,0.0,Neutral-Fallback,Neutral-Fallback,Neutral-Fallback,255.0,285.0
51,[511],1,False,0.0,Neutral-Fallback,Neutral-Fallback,Neutral-Fallback,255.0,285.0
52,"[469, 477]",2,False,1.0,Neutral-Fallback,Neutral-Fallback,Neutral-Fallback,255.0,285.0
53,[490],1,False,0.0,Neutral-Fallback,Neutral-Fallback,Neutral-Fallback,255.0,285.0
54,"[475, 494, 546]",3,False,1.0,Casual-Adult,Casual-Adult,Casual-Adult,255.0,285.0
55,[533],1,False,1.0,Neutral-Fallback,Teen/Sportswear,Neutral-Fallback,255.0,285.0
56,"[544, 548]",2,False,1.0,Casual-Adult,Casual-Adult,Casual-Adult,255.0,285.0
0,[515],1,False,1.0,Casual-Adult,Casual-Adult,Casual-Adult,270.0,300.0
1,[583],1,False,1.0,Casual-Adult,Casual-Adult,Casual-Adult,270.0,300.0
2,"[550, 573]",2,False,1.0,Casual-Adult,Casual-Adult,Casual-Adult,270.0,300.0
3,[530],1,False,1.0,Casual-Adult,Casual-Adult,Casual-Adult,270.0,300.0
4,[474],1,False,1.0,Casual-Adult,Casual-Adult,Casual-Adult,270.0,300.0
5,[509],1,True,1.0,Neutral-Fallback,Family/Child-safe,Family/Child-safe,270.0,300.0
6,[521],1,False,1.0,Casual-Adult,Casual-Adult,Casual-Adult,270.0,300.0
7,[560],1,False,0.0,Neutral-Fallback,Neutral-Fallback,Neutral-Fallback,270.0,300.0
8,[539],1,False,1.0,Casual-Adult,Casual-Adult,Casual-Adult,270.0,300.0
9,[565],1,False,1.0,Casual-Adult,Casual-Adult,Casual-Adult,270.0,300.0
10,[572],1,False,1.0,Casual-Adult,Casual-Adult,Casual-Adult,270.0,300.0
11,[536],1,False,0.0,Neutral-Fallback,Neutral-Fallback,Neutral-Fallback,270.0,300.0
12,[481],1,False,1.0,Casual-Adult,Teen/Sportswear,Casual-Adult,270.0,300.0
13,[512],1,False,0.0,Neutral-Fallback,Neutral-Fallback,Neutral-Fallback,270.0,300.0
14,[480],1,False,1.0,Casual-Adult,Casual-Adult,Casual-Adult,270.0,300.0
15,[543],1,True,1.0,Neutral-Fallback,Family/Child-safe,Family/Child-safe,270.0,300.0
16,[538],1,False,1.0,Casual-Adult,Casual-Adult,Casual-Adult,270.0,300.0
17,[551],1,False,1.0,Casual-Adult,Casual-Adult,Casual-Adult,270.0,300.0
18,[523],1,True,1.0,Neutral-Fallback,Family/Child-safe,Family/Child-safe,270.0,300.0
19,"[510, 513, 522, 537, 561]",5,True,1.0,Neutral-Fallback,Family/Child-safe,Family/Child-safe,270.0,300.0
20,[563],1,False,1.0,Casual-Adult,Casual-Adult,Casual-Adult,270.0,300.0
21,[493],1,False,1.0,Casual-Adult,Casual-Adult,Casual-Adult,270.0,300.0
22,[469],1,False,1.0,Neutral-Fallback,Teen/Sportswear,Neutral-Fallback,270.0,300.0
23,[508],1,False,1.0,Casual-Adult,Casual-Adult,Casual-Adult,270.0,300.0
24,[520],1,False,1.0,Casual-Adult,Casual-Adult,Casual-Adult,270.0,300.0
25,[505],1,False,1.0,Neutral-Fallback,Formal-Adult,Casual-Adult,270.0,300.0
26,[584],1,False,0.0,Neutral-Fallback,Neutral-Fallback,Neutral-Fallback,270.0,300.0
27,[500],1,False,1.0,Neutral-Fallback,Teen/Sportswear,Neutral-Fallback,270.0,300.0
28,[587],1,False,0.0,Neutral-Fallback,Neutral-Fallback,Neutral-Fallback,270.0,300.0
29,[557],1,False,0.0,Neutral-Fallback,Neutral-Fallback,Neutral-Fallback,270.0,300.0
30,[589],1,False,0.0,Neutral-Fallback,Neutral-Fallback,Neutral-Fallback,270.0,300.0
31,"[478, 479]",2,False,1.0,Casual-Adult,Casual-Adult,Casual-Adult,270.0,300.0
32,[524],1,False,0.0,Neutral-Fallback,Neutral-Fallback,Neutral-Fallback,270.0,300.0
33,[486],1,False,1.0,Casual-Adult,Casual-Adult,Casual-Adult,270.0,300.0
34,[545],1,False,1.0,Casual-Adult,Casual-Adult,Casual-Adult,270.0,300.0
35,[576],1,False,0.0,Neutral-Fallback,Neutral-Fallback,Neutral-Fallback,270.0,300.0
36,[514],1,False,0.0,Neutral-Fallback,Neutral-Fallback,Neutral-Fallback,270.0,300.0
37,[483],1,False,0.0,Neutral-Fallback,Neutral-Fallback,Neutral-Fallback,270.0,300.0
38,[591],1,False,0.0,Neutral-Fallback,Neutral-Fallback,Neutral-Fallback,270.0,300.0
39,[593],1,False,1.0,Casual-Adult,Casual-Adult,Casual-Adult,270.0,300.0
40,[506],1,False,1.0,Neutral-Fallback,Teen/Sportswear,Neutral-Fallback,270.0,300.0
41,[526],1,False,1.0,Casual-Adult,Casual-Adult,Casual-Adult,270.0,300.0
42,[592],1,False,0.0,Neutral-Fallback,Neutral-Fallback,Neutral-Fallback,270.0,300.0
43,[547],1,False,0.0,Neutral-Fallback,Neutral-Fallback,Neutral-Fallback,270.0,300.0
44,[559],1,False,1.0,Neutral-Fallback,Teen/Sportswear,Neutral-Fallback,270.0,300.0
45,"[566, 569]",2,False,1.0,Neutral-Fallback,Neutral-Fallback,Neutral-Fallback,270.0,300.0
46,[518],1,False,1.0,Neutral-Fallback,Teen/Sportswear,Neutral-Fallback,270.0,300.0
47,"[568, 585]",2,False,1.0,Neutral-Fallback,Teen/Sportswear,Neutral-Fallback,270.0,300.0
48,[556],1,False,1.0,Casual-Adult,Casual-Adult,Casual-Adult,270.0,300.0
49,[590],1,False,1.0,Neutral-Fallback,Teen/Sportswear,Neutral-Fallback,270.0,300.0
50,[553],1,False,0.0,Neutral-Fallback,Neutral-Fallback,Neutral-Fallback,270.0,300.0
51,[470],1,False,0.0,Neutral-Fallback,Neutral-Fallback,Neutral-Fallback,270.0,300.0
52,[504],1,False,0.0,Neutral-Fallback,Neutral-Fallback,Neutral-Fallback,270.0,300.0
53,[511],1,False,0.0,Neutral-Fallback,Neutral-Fallback,Neutral-Fallback,270.0,300.0
54,[582],1,False,1.0,Casual-Adult,Casual-Adult,Casual-Adult,270.0,300.0
55,"[475, 494, 546]",3,False,1.0,Casual-Adult,Casual-Adult,Casual-Adult,270.0,300.0
56,[533],1,False,1.0,Neutral-Fallback,Teen/Sportswear,Neutral-Fallback,270.0,300.0
57,"[544, 548]",2,False,1.0,Casual-Adult,Casual-Adult,Casual-Adult,270.0,300.0
0,[583],1,False,1.0,Casual-Adult,Casual-Adult,Casual-Adult,285.0,315.0
1,"[550, 573]",2,False,1.0,Casual-Adult,Casual-Adult,Casual-Adult,285.0,315.0
2,[560],1,False,0.0,Neutral-Fallback,Neutral-Fallback,Neutral-Fallback,285.0,315.0
3,[565],1,False,1.0,Casual-Adult,Casual-Adult,Casual-Adult,285.0,315.0
4,[572],1,False,1.0,Casual-Adult,Casual-Adult,Casual-Adult,285.0,315.0
5,[481],1,False,1.0,Casual-Adult,Teen/Sportswear,Casual-Adult,285.0,315.0
6,[551],1,False,1.0,Casual-Adult,Casual-Adult,Casual-Adult,285.0,315.0
7,[563],1,False,1.0,Casual-Adult,Casual-Adult,Casual-Adult,285.0,315.0
8,[587],1,False,0.0,Neutral-Fallback,Neutral-Fallback,Neutral-Fallback,285.0,315.0
9,[584],1,False,0.0,Neutral-Fallback,Neutral-Fallback,Neutral-Fallback,285.0,315.0
10,[557],1,False,0.0,Neutral-Fallback,Neutral-Fallback,Neutral-Fallback,285.0,315.0
11,[589],1,False,0.0,Neutral-Fallback,Neutral-Fallback,Neutral-Fallback,285.0,315.0
12,[576],1,False,0.0,Neutral-Fallback,Neutral-Fallback,Neutral-Fallback,285.0,315.0
13,"[544, 548]",2,False,1.0,Casual-Adult,Casual-Adult,Casual-Adult,285.0,315.0
14,[591],1,False,0.0,Neutral-Fallback,Neutral-Fallback,Neutral-Fallback,285.0,315.0
15,"[513, 522, 537, 561]",4,True,1.0,Neutral-Fallback,Family/Child-safe,Family/Child-safe,285.0,315.0
16,"[494, 546]",2,False,1.0,Neutral-Fallback,Casual-Adult,Casual-Adult,285.0,315.0
17,[593],1,False,1.0,Casual-Adult,Casual-Adult,Casual-Adult,285.0,315.0
18,[592],1,False,0.0,Neutral-Fallback,Neutral-Fallback,Neutral-Fallback,285.0,315.0
19,[559],1,False,1.0,Neutral-Fallback,Teen/Sportswear,Neutral-Fallback,285.0,315.0
20,"[566, 569]",2,False,1.0,Neutral-Fallback,Neutral-Fallback,Neutral-Fallback,285.0,315.0
21,"[568, 585]",2,False,1.0,Neutral-Fallback,Teen/Sportswear,Neutral-Fallback,285.0,315.0
22,[556],1,False,1.0,Casual-Adult,Casual-Adult,Casual-Adult,285.0,315.0
23,[590],1,False,1.0,Neutral-Fallback,Teen/Sportswear,Neutral-Fallback,285.0,315.0
24,[470],1,False,0.0,Neutral-Fallback,Neutral-Fallback,Neutral-Fallback,285.0,315.0
25,[582],1,False,1.0,Casual-Adult,Casual-Adult,Casual-Adult,285.0,315.0
26,[533],1,False,1.0,Neutral-Fallback,Teen/Sportswear,Neutral-Fallback,285.0,315.0
27,[553],1,False,0.0,Neutral-Fallback,Neutral-Fallback,Neutral-Fallback,285.0,315.0
